mask_percent,mlm_acc_each_epoch,mlm_loss_each_epoch
15,"[[0.33180474265371385, 0.41084897121824654, 0.4295540940083268, 0.44101852410547276, 0.4521812586737465, 0.4669643395884873, 0.49580643214867554, 0.5062450974476558, 0.5225969951125324, 0.5070898449284982]]","[[0.07434512674808502, 0.04399368539452553, 0.04596615955233574, 0.06474725902080536, 0.059318412095308304, 0.07020613551139832, 0.037504736334085464, 0.04708542302250862, 0.02399211749434471, 0.05213623121380806]]"
14,"[[0.33285103584347253, 0.4132851035843473, 0.422032226241368, 0.4455113449523183, 0.45813877014140086, 0.4802367642222953, 0.4920092074975337, 0.508648470897731, 0.5088457744163104, 0.5575797435054258]]","[[0.07755900919437408, 0.08269260823726654, 0.05359513685107231, 0.04667026922106743, 0.028174567967653275, 0.02456873096525669, 0.01987406052649021, 0.02629687823355198, 0.041520148515701294, 0.019725743681192398]]"
13,"[[0.3196505339065317, 0.40840382748578563, 0.4322562751352101, 0.44660934683123005, 0.459644986825683, 0.47496879767022604, 0.49161004021633614, 0.48980723894050754, 0.5125502704201914, 0.54534738593815]]","[[0.08544578403234482, 0.07022812217473984, 0.04852811247110367, 0.052840810269117355, 0.01977536454796791, 0.030257677659392357, 0.04870098456740379, 0.04234255105257034, 0.04580211266875267, 0.036141395568847656]]"
12,"[[0.3215590742996346, 0.41100791717417784, 0.4279841656516443, 0.4400121802679659, 0.4508221680876979, 0.46193666260657734, 0.4933008526187576, 0.5082216808769793, 0.5057095006090134, 0.5341047503045067]]","[[0.08821828663349152, 0.044293925166130066, 0.05962067097425461, 0.049509648233652115, 0.05761192366480827, 0.03925759345293045, 0.04122217744588852, 0.027661103755235672, 0.0314292386174202, 0.02041744254529476]]"
11,"[[0.3226237169323208, 0.40231995326712844, 0.4339480931319369, 0.4533923057665025, 0.4656596845531169, 0.4668280063423183, 0.5052157222732204, 0.5511975298339314, 0.600600851205875, 0.6438287574063256]]","[[0.07371237128973007, 0.04995165765285492, 0.0525883249938488, 0.03779503330588341, 0.03933092579245567, 0.03201145678758621, 0.030934561043977737, 0.022984836250543594, 0.030444404110312462, 0.0341266393661499]]"
10,"[[0.321190261496844, 0.40099188458070334, 0.4237150586113616, 0.44833183047790803, 0.46753832281334534, 0.47971145175834085, 0.490892696122633, 0.5083859332732191, 0.5465284039675383, 0.5266005410279531]]","[[0.09816623479127884, 0.07844021916389465, 0.033333487808704376, 0.03547786921262741, 0.029485782608389854, 0.027124440297484398, 0.04347672313451767, 0.019060056656599045, 0.045625071972608566, 0.028872186318039894]]"
9,"[[0.32103210321032105, 0.41854185418541856, 0.43334333433343336, 0.46604660466046605, 0.48104810481048105, 0.47954795479547957, 0.5054505450545055, 0.5193519351935193, 0.5440544054405441, 0.5635563556355636]]","[[0.04804087430238724, 0.030917227268218994, 0.026270857080817223, 0.03258078917860985, 0.02910410240292549, 0.02617235854268074, 0.028653552755713463, 0.02533569559454918, 0.024260420352220535, 0.018660811707377434]]"
8,"[[0.3546908064895368, 0.42158476369621445, 0.44662591112156125, 0.46038090759463907, 0.47578180108158946, 0.5124617916764637, 0.5125793557488831, 0.5155184575593699, 0.5292734540324476, 0.5540794733129556]]","[[0.0496857650578022, 0.0342731699347496, 0.03345965966582298, 0.022355999797582626, 0.015894467011094093, 0.01899651437997818, 0.036753859370946884, 0.01912163570523262, 0.043322768062353134, 0.016404103487730026]]"
7,"[[0.345125786163522, 0.42701781970649894, 0.447458071278826, 0.4616090146750524, 0.47615303983228513, 0.492269392033543, 0.515461215932914, 0.5293501048218029, 0.5571278825995807, 0.5685272536687631]]","[[0.05311288312077522, 0.02872496284544468, 0.03847949951887131, 0.032042764127254486, 0.030101517215371132, 0.03205748647451401, 0.02635209821164608, 0.021841565147042274, 0.004611870273947716, 0.022485245019197464]]"
6,"[[0.34874847374847373, 0.4210927960927961, 0.4471916971916972, 0.4532967032967033, 0.48443223443223443, 0.4938949938949939, 0.5042735042735043, 0.5276251526251526, 0.5666971916971917, 0.5602869352869353]]","[[0.0631377249956131, 0.01983523741364479, 0.03353376314043999, 0.039286307990550995, 0.01658845692873001, 0.02108193375170231, 0.014986108057200909, 0.021699028089642525, 0.014216656796634197, 0.02488517202436924]]"
15,"[[0.31796569365031596, 0.40180559735179056, 0.4260006018657839, 0.43298224495937404, 0.44935299428227504, 0.4747517303641288, 0.5044237135118869, 0.5124887150165514, 0.5134517002708396, 0.5132711405356606]]","[[0.07421960681676865, 0.0318022146821022, 0.05531197786331177, 0.05480168014764786, 0.04459775611758232, 0.03939478099346161, 0.040254056453704834, 0.052003391087055206, 0.05998130887746811, 0.041943080723285675]]"
14,"[[0.33091097845834416, 0.40728004152608355, 0.42032182714767713, 0.43044381001816767, 0.45795484038411627, 0.469179859849468, 0.4809888398650402, 0.49130547625227095, 0.5031144562678432, 0.5308850246561121]]","[[0.11584563553333282, 0.04861659184098244, 0.07223363220691681, 0.06269480288028717, 0.024981074035167694, 0.055335331708192825, 0.03201461210846901, 0.048704423010349274, 0.04067034646868706, 0.04092957079410553]]"
13,"[[0.33217391304347826, 0.4121739130434783, 0.43332173913043476, 0.4493913043478261, 0.4577391304347826, 0.47756521739130436, 0.4935652173913043, 0.5239652173913043, 0.5450434782608695, 0.5033739130434782]]","[[0.0994899719953537, 0.03860627859830856, 0.04736645147204399, 0.0475461520254612, 0.06499342620372772, 0.02626906894147396, 0.03779086470603943, 0.007087039295583963, 0.017205875366926193, 0.039809439331293106]]"
12,"[[0.3331017982557691, 0.41197808134599057, 0.4346685189472872, 0.4417689279925909, 0.46700625144709423, 0.48105271281932543, 0.48691826811761985, 0.512927375164004, 0.5370070232306862, 0.5639422705873273]]","[[0.05053829029202461, 0.05377817153930664, 0.034679897129535675, 0.03510294109582901, 0.05001050978899002, 0.02888212725520134, 0.03237759321928024, 0.039138369262218475, 0.018539581447839737, 0.03522811457514763]]"
11,"[[0.34006367292225204, 0.4225871313672922, 0.44118632707774796, 0.4554289544235925, 0.4714309651474531, 0.47218498659517427, 0.4906166219839142, 0.49514075067024127, 0.5279825737265416, 0.5362768096514745]]","[[0.04913066327571869, 0.03191090002655983, 0.03586627542972565, 0.03353205323219299, 0.04624533653259277, 0.048415835946798325, 0.03713885694742203, 0.018517393618822098, 0.018241476267576218, 0.020416757091879845]]"
10,"[[0.3319483334838768, 0.4282359317134857, 0.44079125643573297, 0.45840484147773464, 0.4656309276488122, 0.4848703820793063, 0.5167554873091862, 0.5153102700749707, 0.5392466805166651, 0.5233492909402945]]","[[0.07577653229236603, 0.02095923200249672, 0.03404318913817406, 0.025919616222381592, 0.03528634458780289, 0.016354301944375038, 0.03407624363899231, 0.02356468327343464, 0.012993520125746727, 0.02387174591422081]]"
9,"[[0.33264462809917356, 0.41570247933884297, 0.4358471074380165, 0.44545454545454544, 0.46549586776859503, 0.4909090909090909, 0.4947314049586777, 0.4962809917355372, 0.5235537190082644, 0.5525826446280991]]","[[0.04591193050146103, 0.05627924203872681, 0.033480897545814514, 0.03504542261362076, 0.030095422640442848, 0.019632939249277115, 0.010195888578891754, 0.05743632838129997, 0.023755935952067375, 0.0250383373349905]]"
8,"[[0.32200023367215796, 0.411496670171749, 0.43626591891576116, 0.454025002920902, 0.4676948241617011, 0.48872531837831523, 0.5214394204930483, 0.5351092417338474, 0.5430540951045683, 0.5404837013669821]]","[[0.055003851652145386, 0.04163796454668045, 0.0078504029661417, 0.03619172051548958, 0.023360978811979294, 0.018701883032917976, 0.016104523092508316, 0.015510356053709984, 0.025966405868530273, 0.01634218916296959]]"
7,"[[0.35500515995872034, 0.4324045407636739, 0.4646542827657379, 0.4818111455108359, 0.4996130030959752, 0.49638802889576883, 0.5165118679050568, 0.554953560371517, 0.5534055727554179, 0.5863003095975232]]","[[0.058526016771793365, 0.03400889411568642, 0.04455144703388214, 0.01810985431075096, 0.018938271328806877, 0.029128890484571457, 0.019363950937986374, 0.008261168375611305, 0.015495548956096172, 0.012948175892233849]]"
6,"[[0.3344879518072289, 0.4256024096385542, 0.44623493975903616, 0.4641566265060241, 0.4843373493975904, 0.5009036144578313, 0.5260542168674699, 0.5346385542168675, 0.5649096385542168, 0.5960843373493976]]","[[0.04165789112448692, 0.024971922859549522, 0.022356726229190826, 0.019721200689673424, 0.030999507755041122, 0.030772974714636803, 0.00777460029348731, 0.00981336273252964, 0.00851430930197239, 0.024082716554403305]]"
15,"[[0.32838957607781916, 0.4066290380689324, 0.4200792602377807, 0.43034706376846404, 0.4540650894679957, 0.45226372042752494, 0.47321964693166807, 0.4960369881109643, 0.49297466074216406, 0.5077458868740242]]","[[0.06580103933811188, 0.06036972254514694, 0.07003556191921234, 0.04696343094110489, 0.039296943694353104, 0.05936590954661369, 0.05062112957239151, 0.04486653208732605, 0.0480395071208477, 0.034212760627269745]]"
14,"[[0.3275523560209424, 0.40530104712041887, 0.4306282722513089, 0.4399869109947644, 0.45163612565445027, 0.468782722513089, 0.4830497382198953, 0.5130890052356021, 0.5294502617801047, 0.5227094240837696]]","[[0.09825323522090912, 0.0725799947977066, 0.059955012053251266, 0.055937282741069794, 0.05131503939628601, 0.04072420299053192, 0.04194685444235802, 0.037275005131959915, 0.04217507690191269, 0.047723643481731415]]"
13,"[[0.32685462053253594, 0.4107219137120888, 0.4260999572832123, 0.4340737576534245, 0.4657553751957853, 0.4709525843656557, 0.47650576676633916, 0.4915278371066496, 0.5190801651715791, 0.5491243058522]]","[[0.04244767501950264, 0.08306096494197845, 0.05057791620492935, 0.046662554144859314, 0.05231435224413872, 0.046696361154317856, 0.06404051929712296, 0.03550568222999573, 0.027511749416589737, 0.036262396723032]]"
12,"[[0.32653985507246375, 0.4048913043478261, 0.4283665458937198, 0.45086050724637683, 0.4732789855072464, 0.4839975845410628, 0.49267814009661837, 0.5092089371980676, 0.525588768115942, 0.5263435990338164]]","[[0.07036502659320831, 0.017790067940950394, 0.05922098085284233, 0.0306510291993618, 0.024408195167779922, 0.04914769157767296, 0.0430738627910614, 0.03739207237958908, 0.037145573645830154, 0.01725604198873043]]"
11,"[[0.321315570358035, 0.41390507910074936, 0.44163197335553706, 0.4436303080766028, 0.46469608659450456, 0.4939217318900916, 0.5338884263114072, 0.5297252289758535, 0.5079933388842631, 0.5491257285595337]]","[[0.08124655485153198, 0.041830480098724365, 0.05110185593366623, 0.03798016905784607, 0.04134870320558548, 0.013041508384048939, 0.02501869574189186, 0.04203004762530327, 0.028917711228132248, 0.018416643142700195]]"
10,"[[0.328119145747471, 0.41007868115399027, 0.43892843761708505, 0.46112776320719373, 0.483420756837767, 0.4786436867740727, 0.48229674035219183, 0.514986886474335, 0.539621581116523, 0.5459910078681154]]","[[0.09110890328884125, 0.04041476920247078, 0.030740031972527504, 0.03509165346622467, 0.022547604516148567, 0.020674459636211395, 0.011378912255167961, 0.028233971446752548, 0.019606079906225204, 0.019148172810673714]]"
9,"[[0.3286589799522177, 0.4267165264360652, 0.45237353277241094, 0.4662927183961774, 0.47875766074581905, 0.4921574737716838, 0.5057650358367093, 0.5131401267269139, 0.5277864339877428, 0.5651812610366677]]","[[0.06835635751485825, 0.028078634291887283, 0.029875531792640686, 0.038509100675582886, 0.03227149695158005, 0.02071331813931465, 0.025587162002921104, 0.016874238848686218, 0.030791407451033592, 0.024451803416013718]]"
8,"[[0.34712148685403443, 0.42225747960108795, 0.44956935630099726, 0.47019492293744336, 0.48855394378966455, 0.49852674524025387, 0.5072529465095195, 0.5130326382592928, 0.528558476881233, 0.5580235720761559]]","[[0.049221545457839966, 0.01789744570851326, 0.022675219923257828, 0.019147148355841637, 0.036538414657115936, 0.021111780777573586, 0.01750018075108528, 0.040966879576444626, 0.032314229756593704, 0.01746770553290844]]"
7,"[[0.3453468914918265, 0.4154974900244562, 0.4430428626592869, 0.47226155232333633, 0.48088557085854033, 0.4846183550006436, 0.4998069249581671, 0.5234907967563392, 0.546016218303514, 0.5483331188055091]]","[[0.04048210009932518, 0.03935777395963669, 0.03261943906545639, 0.019161833450198174, 0.012531973421573639, 0.02376803755760193, 0.03086685575544834, 0.014435173943638802, 0.022336497902870178, 0.020196842029690742]]"
6,"[[0.32975746268656714, 0.40780472636815923, 0.44558457711442784, 0.46875, 0.48429726368159204, 0.4869402985074627, 0.5188121890547264, 0.5497512437810945, 0.5696517412935324, 0.5724502487562189]]","[[0.045929912477731705, 0.02200387790799141, 0.01661716029047966, 0.02205064706504345, 0.01329254824668169, 0.029008856043219566, 0.023854998871684074, 0.019748317077755928, 0.005944725126028061, 0.011426348239183426]]"
15,"[[0.3191683940982807, 0.4026338251432752, 0.41940007316180955, 0.4359834166565053, 0.45421290086574806, 0.4515303011827826, 0.47079624436044387, 0.49347640531642484, 0.4839653700768199, 0.5195707840507255]]","[[0.10307612270116806, 0.04233473911881447, 0.062172066420316696, 0.04903862625360489, 0.0669422298669815, 0.022575635462999344, 0.04169638082385063, 0.03564951941370964, 0.031216349452733994, 0.021588647738099098]]"
14,"[[0.3219367588932806, 0.4122529644268775, 0.4231225296442688, 0.43669301712779973, 0.4567193675889328, 0.4542160737812912, 0.46646903820816865, 0.49617918313570486, 0.4961133069828722, 0.5260869565217391]]","[[0.10292224586009979, 0.04262620210647583, 0.04623036086559296, 0.02976512350142002, 0.025783341377973557, 0.055493563413619995, 0.025882059708237648, 0.022886645048856735, 0.04526127874851227, 0.03024374507367611]]"
13,"[[0.3233952998947738, 0.4029463346194318, 0.43493511048754824, 0.4418098912662224, 0.4619431778323395, 0.4729568572430726, 0.48635566467906, 0.5100666432830586, 0.5184145913714486, 0.5088039284461593]]","[[0.05739252641797066, 0.039085499942302704, 0.02854830026626587, 0.050614845007658005, 0.04721919819712639, 0.06485236436128616, 0.045256681740283966, 0.04319453984498978, 0.024620655924081802, 0.030493497848510742]]"
12,"[[0.3221189869623857, 0.4035666117188671, 0.42514611119436535, 0.43203956241570507, 0.4519706279034917, 0.4683800389629852, 0.48643788401019034, 0.5010490034467256, 0.4993256406413907, 0.5494530196313502]]","[[0.06489608436822891, 0.04800385981798172, 0.047422513365745544, 0.03787543624639511, 0.03854203224182129, 0.034084390848875046, 0.03596082702279091, 0.03775962442159653, 0.04645233601331711, 0.01773482747375965]]"
11,"[[0.3355059747639342, 0.4128018718141556, 0.4390406952452578, 0.4463942508565221, 0.46160274087072783, 0.47513996824600985, 0.4926882259547088, 0.5129105038856856, 0.524358652962313, 0.5444138046293975]]","[[0.06841679662466049, 0.03504495322704315, 0.022463923320174217, 0.024514956399798393, 0.04220355674624443, 0.030268382281064987, 0.037885408848524094, 0.0321689173579216, 0.029521310701966286, 0.030403371900320053]]"
10,"[[0.35002313743637203, 0.4182322998611754, 0.43951874132346136, 0.4596945858398889, 0.4795002313743637, 0.48135122628412774, 0.513928736695974, 0.5216103655714946, 0.5254049051365108, 0.5561314206385932]]","[[0.05409165471792221, 0.03940429538488388, 0.025042254477739334, 0.0312500037252903, 0.04044468700885773, 0.03797158598899841, 0.04646756872534752, 0.03223934769630432, 0.0173169132322073, 0.013775882311165333]]"
9,"[[0.3266858552631579, 0.41683799342105265, 0.44120065789473684, 0.44510690789473684, 0.4616570723684211, 0.4838610197368421, 0.4966077302631579, 0.5239514802631579, 0.5211759868421053, 0.5639391447368421]]","[[0.030770596116781235, 0.05907992273569107, 0.040368564426898956, 0.034966837614774704, 0.021465521305799484, 0.0313868373632431, 0.02240978181362152, 0.026948243379592896, 0.019697796553373337, 0.01665188930928707]]"
8,"[[0.31259878076315195, 0.41262135922330095, 0.4327161887559268, 0.44411831113118083, 0.4758410476405509, 0.48069541657258974, 0.4946940618649808, 0.5207721833370964, 0.5362384285391736, 0.5580266425829759]]","[[0.06696949899196625, 0.02694779634475708, 0.020193999633193016, 0.026190871372818947, 0.029216136783361435, 0.025209177285432816, 0.029449492692947388, 0.0328831672668457, 0.03099188208580017, 0.029461845755577087]]"
7,"[[0.3317041800643087, 0.4252090032154341, 0.4496463022508039, 0.46353697749196143, 0.4830868167202572, 0.4981350482315113, 0.5034083601286173, 0.5291318327974277, 0.5340192926045016, 0.5578135048231512]]","[[0.045217037200927734, 0.03129434213042259, 0.025155002251267433, 0.039873406291007996, 0.020305242389440536, 0.02302301861345768, 0.02874036505818367, 0.019022176042199135, 0.01510670781135559, 0.022245611995458603]]"
6,"[[0.3302905826867488, 0.4240073026015518, 0.4448501445306557, 0.4749733759318424, 0.48957857903544805, 0.4996196561691769, 0.5008367564278108, 0.5222881484862315, 0.5429788528830063, 0.5857294994675186]]","[[0.03962792083621025, 0.02875514328479767, 0.027397578582167625, 0.02428349480032921, 0.024646643549203873, 0.02218891866505146, 0.013195236213505268, 0.020892206579446793, 0.023170093074440956, 0.011029716581106186]]"
15,"[[0.3212191546542878, 0.4059369655509406, 0.40465428780845347, 0.42383337405326166, 0.43922550696310775, 0.46078670901539215, 0.4879061812851209, 0.5040923527974591, 0.519301246029807, 0.5347544588321524]]","[[0.06315150856971741, 0.060297172516584396, 0.05608447641134262, 0.04541635885834694, 0.062488265335559845, 0.04665134474635124, 0.05898858234286308, 0.06680532544851303, 0.04143483191728592, 0.026275455951690674]]"
14,"[[0.3213177526903017, 0.4058229352346999, 0.42886380141282104, 0.4376444180365749, 0.4483396052023503, 0.4567241037829273, 0.47573776985541694, 0.5195088136264607, 0.5675051165247244, 0.6118043176866707]]","[[0.07563170045614243, 0.07466784119606018, 0.06794890016317368, 0.07343219220638275, 0.04815133661031723, 0.06930539011955261, 0.05198410153388977, 0.03281261771917343, 0.03437193110585213, 0.031520769000053406]]"
13,"[[0.3368338891648336, 0.40303696870786915, 0.42765912154970553, 0.4490172426027106, 0.46966579152770876, 0.4749875824877599, 0.48108990278861846, 0.5059958844816576, 0.5115305470801107, 0.5406939615411906]]","[[0.10246552526950836, 0.04396679997444153, 0.034778621047735214, 0.05035807937383652, 0.05308743193745613, 0.035037361085414886, 0.0363716259598732, 0.03267606347799301, 0.032794415950775146, 0.017303792759776115]]"
12,"[[0.3372625572490427, 0.41662286958480366, 0.4389969216908176, 0.4550641940085592, 0.4741346947969067, 0.4818680081087169, 0.4918537427734815, 0.5369772505443352, 0.5253397402207373, 0.5396050754561154]]","[[0.05557810142636299, 0.05145598202943802, 0.05406296253204346, 0.04730794578790665, 0.055492330342531204, 0.03160581737756729, 0.024669170379638672, 0.04266652837395668, 0.02454269863665104, 0.057998884469270706]]"
11,"[[0.3312530393905009, 0.42373156103096127, 0.44083319824931105, 0.45453071810666235, 0.4724428594585832, 0.4939212189982169, 0.5130491165504945, 0.5252877289674177, 0.5410925595720538, 0.5391473496514833]]","[[0.06622770428657532, 0.04932308942079544, 0.016072312369942665, 0.03885699063539505, 0.028762537986040115, 0.021458802744746208, 0.03220190852880478, 0.03632943332195282, 0.02046787552535534, 0.02110474929213524]]"
10,"[[0.3266917638417042, 0.416766137177486, 0.42365255715728584, 0.43889450004590946, 0.46230832797722893, 0.47755027086585256, 0.4957304196125241, 0.5088605270406757, 0.5222660912680195, 0.5332843632356992]]","[[0.03680076450109482, 0.037848807871341705, 0.04142385721206665, 0.03128261864185333, 0.0229463092982769, 0.04237618297338486, 0.03756675869226456, 0.021562376990914345, 0.028156910091638565, 0.047980085015296936]]"
9,"[[0.3378392322773708, 0.4206996182024559, 0.4318439789495408, 0.45268806108760706, 0.4808585285316273, 0.4872562171086575, 0.5066556598906201, 0.5154266845526777, 0.529150758435662, 0.5590754308120937]]","[[0.06121903657913208, 0.03396356478333473, 0.030899137258529663, 0.07443902641534805, 0.05347134917974472, 0.035446878522634506, 0.04048004746437073, 0.039575811475515366, 0.023924268782138824, 0.01717023365199566]]"
8,"[[0.32066749351674373, 0.41707069568158756, 0.442439959409178, 0.4537151877325516, 0.4714172962002481, 0.48415830420566014, 0.5023114218062916, 0.49588454166196866, 0.5382794001578532, 0.5628593979028075]]","[[0.061492808163166046, 0.05084193870425224, 0.041649192571640015, 0.027249038219451904, 0.0219586081802845, 0.024360425770282745, 0.024616945534944534, 0.017608512192964554, 0.022223183885216713, 0.01751445047557354]]"
7,"[[0.32533045589425413, 0.4112489884003237, 0.43997841920690584, 0.4622336120852441, 0.4649312112220124, 0.4890747234960885, 0.5024278392230914, 0.4979768006474238, 0.5346641489074724, 0.5405988670083626]]","[[0.0664810985326767, 0.04533885791897774, 0.03217751532793045, 0.03414678946137428, 0.028116976842284203, 0.016997845843434334, 0.016019664704799652, 0.02506214752793312, 0.01799895241856575, 0.011289602145552635]]"
6,"[[0.32719589495925144, 0.4165408994868699, 0.44642318140658016, 0.4631753697555086, 0.4778146694838515, 0.4960760639903411, 0.5034711741623906, 0.5303350437669786, 0.5244491397524902, 0.5661032297011772]]","[[0.09162042289972305, 0.034847814589738846, 0.0389285571873188, 0.022883616387844086, 0.020983165130019188, 0.03013351932168007, 0.02170201763510704, 0.018822845071554184, 0.021693827584385872, 0.016504960134625435]]"
15,"[[0.32391823423213556, 0.3978801467590705, 0.4228641313843108, 0.443887950614408, 0.45827266903500086, 0.4666589016364801, 0.4787141110011065, 0.493331780327296, 0.5140061731989983, 0.5303709743171626]]","[[0.057997822761535645, 0.03245293349027634, 0.04743487015366554, 0.057677291333675385, 0.06849954277276993, 0.0566350594162941, 0.0589582696557045, 0.04797434061765671, 0.025177311152219772, 0.03840399906039238]]"
14,"[[0.34448734448734447, 0.42084942084942084, 0.4235459949745664, 0.4459153030581602, 0.4568854568854569, 0.47453576025004596, 0.4923699209413495, 0.5094686523257952, 0.5147392290249433, 0.5449531163816879]]","[[0.051790814846754074, 0.04898735135793686, 0.06623678654432297, 0.049479592591524124, 0.023436646908521652, 0.023060597479343414, 0.023038189858198166, 0.03452901914715767, 0.039773326367139816, 0.045475706458091736]]"
13,"[[0.31413577786634783, 0.40520791816128604, 0.4253354590142155, 0.44041450777202074, 0.46233559186927065, 0.4614056064833267, 0.4928922545502856, 0.4916301315265046, 0.51959612063239, 0.5346751693901953]]","[[0.07150011509656906, 0.0574796199798584, 0.0685812383890152, 0.07334835827350616, 0.037028394639492035, 0.06430701911449432, 0.03639668598771095, 0.05609557032585144, 0.028234567493200302, 0.03924432396888733]]"
12,"[[0.33345438698431146, 0.42228355607205115, 0.44371005229517724, 0.452643811737362, 0.47000290528762345, 0.4683323649041255, 0.4785735037768739, 0.4995642068564788, 0.5114032539221383, 0.5421266705403835]]","[[0.07910490781068802, 0.05149383097887039, 0.032506637275218964, 0.05386107414960861, 0.03422222286462784, 0.03933111950755119, 0.03099736198782921, 0.030994534492492676, 0.021988268941640854, 0.013408204540610313]]"
11,"[[0.34054313866858926, 0.42641993110630455, 0.4490106544901065, 0.456300568773532, 0.4657534246575342, 0.49499319073940556, 0.5067692061203236, 0.5300008010894817, 0.5408956180405351, 0.5718176720339662]]","[[0.04371272772550583, 0.04112078994512558, 0.04860915616154671, 0.030570263043045998, 0.07343040406703949, 0.03532098978757858, 0.028724899515509605, 0.03824388235807419, 0.019557742401957512, 0.025765251368284225]]"
10,"[[0.3254606799896185, 0.4244311791677481, 0.4470974997837183, 0.45661389393546153, 0.48178908210052773, 0.4902673241629899, 0.5105112899039709, 0.5290250021628169, 0.5420884159529371, 0.5728869279349424]]","[[0.08784258365631104, 0.04470033943653107, 0.07096437364816666, 0.026284342631697655, 0.0376809798181057, 0.030962496995925903, 0.03793220967054367, 0.028998050838708878, 0.021866528317332268, 0.035248350352048874]]"
9,"[[0.3420525059665871, 0.4179474940334129, 0.4514558472553699, 0.4635799522673031, 0.45613365155131264, 0.47198090692124106, 0.49260143198090695, 0.5241050119331743, 0.5347016706443914, 0.5210501193317423]]","[[0.0676187127828598, 0.03662916272878647, 0.045700423419475555, 0.0470881387591362, 0.04001332074403763, 0.056642405688762665, 0.03449562191963196, 0.029399728402495384, 0.038863569498062134, 0.03437003120779991]]"
8,"[[0.3304656414668244, 0.4240240886116787, 0.43800408646090977, 0.45585546832992796, 0.47714808043875684, 0.5031723841273256, 0.5042477685772664, 0.5229594580062372, 0.5343585331756103, 0.5274760726959888]]","[[0.05404333397746086, 0.03600465506315231, 0.01063294056802988, 0.018657924607396126, 0.029141072183847427, 0.05510922521352768, 0.026407670229673386, 0.028340116143226624, 0.03153665363788605, 0.028696980327367783]]"
7,"[[0.33810287405945477, 0.4369063772048847, 0.46120636486986555, 0.4862464536820032, 0.4859997532996176, 0.5094362896262489, 0.5357098803503145, 0.545701245836931, 0.531145923276181, 0.5703712840754903]]","[[0.05120037868618965, 0.03666864335536957, 0.03856711834669113, 0.03701195865869522, 0.013099461793899536, 0.022479692474007607, 0.023332322016358376, 0.01165706105530262, 0.027028879150748253, 0.007769993506371975]]"
6,"[[0.3175784099197666, 0.41706783369803063, 0.4474106491611962, 0.46768781911013857, 0.47716994894237785, 0.49803063457330415, 0.5098468271334792, 0.5177242888402626, 0.5512764405543399, 0.5622173595915391]]","[[0.05070037394762039, 0.016033563762903214, 0.017617423087358475, 0.020073160529136658, 0.011627044528722763, 0.01969771645963192, 0.03902377560734749, 0.02033727988600731, 0.011826816014945507, 0.02594386413693428]]"
15,"[[0.32431321906550836, 0.40807701338342334, 0.4314980042263442, 0.4515731392345621, 0.4737614463489082, 0.48145104484620804, 0.49506926508570087, 0.5107419582061516, 0.5169053768490256, 0.5540619863817797]]","[[0.10185207426548004, 0.06086166575551033, 0.04996395483613014, 0.0669357180595398, 0.16734330356121063, 0.03070099651813507, 0.025148382410407066, 0.028813431039452553, 0.034381330013275146, 0.04180983453989029]]"
14,"[[0.33967391304347827, 0.40748517786561267, 0.43509140316205536, 0.45306324110671936, 0.462203557312253, 0.4838191699604743, 0.49857954545454547, 0.4917860671936759, 0.5192687747035574, 0.5324851778656127]]","[[0.08164748549461365, 0.08591850101947784, 0.06670957058668137, 0.050010956823825836, 0.026142653077840805, 0.032449495047330856, 0.053108375519514084, 0.025224093347787857, 0.04695628955960274, 0.03799818456172943]]"
13,"[[0.32898502495840265, 0.41098169717138106, 0.42668885191347755, 0.4512479201331115, 0.45757071547420963, 0.4809983361064892, 0.49950083194675543, 0.5327787021630616, 0.525324459234609, 0.5259900166389351]]","[[0.07141770422458649, 0.047983165830373764, 0.04979453235864639, 0.04468010365962982, 0.059693384915590286, 0.05742020159959793, 0.03992682322859764, 0.05196934938430786, 0.06665662676095963, 0.04199899733066559]]"
12,"[[0.3419088339734763, 0.4251757373722734, 0.44880063772737155, 0.4579317341836365, 0.4785129357199797, 0.5030074643090079, 0.4965577215740271, 0.48923835060511633, 0.5417783897383869, 0.5769983332125517]]","[[0.07321549952030182, 0.04449845105409622, 0.04649775102734566, 0.03200381249189377, 0.035996537655591965, 0.044108178466558456, 0.029836278408765793, 0.03439515456557274, 0.06476482003927231, 0.028554046526551247]]"
11,"[[0.33893713648314877, 0.43231615010756114, 0.45287228109314, 0.4551828539558601, 0.48147557963508886, 0.4971715401163254, 0.5187634451438132, 0.5593179826308661, 0.5627440044617958, 0.5166122221336945]]","[[0.08214233815670013, 0.014375967904925346, 0.04551508277654648, 0.038854435086250305, 0.021590780466794968, 0.040752459317445755, 0.03212624043226242, 0.017704209312796593, 0.04481080546975136, 0.03473137319087982]]"
10,"[[0.34338788146837684, 0.41716054842989825, 0.44360902255639095, 0.45440070765148166, 0.46280406899601945, 0.4789031402034498, 0.49022556390977445, 0.48721804511278194, 0.5095975232198142, 0.5269349845201239]]","[[0.06470823287963867, 0.03276479244232178, 0.07131669670343399, 0.034409958869218826, 0.04883607476949692, 0.03186894208192825, 0.02581646479666233, 0.024264374747872353, 0.0486479178071022, 0.030634358525276184]]"
9,"[[0.3425908129925043, 0.42292907937728236, 0.4507015183547953, 0.4723236594272535, 0.48866038823755525, 0.49836632711896983, 0.5068229867384202, 0.5119162021910436, 0.5341149336921007, 0.5739957716701902]]","[[0.06888096034526825, 0.025831574574112892, 0.037964001297950745, 0.02960822358727455, 0.038249820470809937, 0.01782388426363468, 0.023505639284849167, 0.02716468647122383, 0.016508856788277626, 0.04007267951965332]]"
8,"[[0.3340501021395549, 0.4308138909794646, 0.4478013116869154, 0.47693796365982155, 0.48424900548328137, 0.49102247070207505, 0.5045694011396624, 0.5253198580797763, 0.5746693903881304, 0.566713256639071]]","[[0.058989204466342926, 0.021702226251363754, 0.03237723559141159, 0.0377313569188118, 0.03316972032189369, 0.030446907505393028, 0.019051028415560722, 0.024596164003014565, 0.015326710417866707, 0.02661067619919777]]"
7,"[[0.33912936243679864, 0.42422000246639535, 0.4514736712294981, 0.4666420027130349, 0.46503884572697, 0.5054877296830682, 0.5275619681834998, 0.5180663460352695, 0.5345911949685535, 0.5623381428042915]]","[[0.05968550965189934, 0.031523458659648895, 0.035635121166706085, 0.027672866359353065, 0.020710337907075882, 0.030575046315789223, 0.015293163247406483, 0.031570617109537125, 0.024873849004507065, 0.024913737550377846]]"
6,"[[0.3476796955057825, 0.4390279607670912, 0.46669594495681455, 0.47606499780412825, 0.5003659786268482, 0.5189576928707363, 0.5287659200702679, 0.5353535353535354, 0.5622895622895623, 0.619235836627141]]","[[0.0497574582695961, 0.029299413785338402, 0.03934532031416893, 0.02014109119772911, 0.023234441876411438, 0.03049381449818611, 0.0243593268096447, 0.01460842601954937, 0.017790356650948524, 0.0071490490809082985]]"
15,"[[0.3338579005653669, 0.4089292999941715, 0.42833828757941367, 0.43568222882788366, 0.45678148860523404, 0.4785801713586291, 0.514483884128927, 0.5418779506906802, 0.5918866934778807, 0.6397388820889433]]","[[0.09053784608840942, 0.03979743272066116, 0.05633234977722168, 0.06631867587566376, 0.08823884278535843, 0.07868166267871857, 0.05695042014122009, 0.04092961922287941, 0.034404825419187546, 0.015187159180641174]]"
14,"[[0.3338772436299736, 0.4182251788628091, 0.44364252541734656, 0.4464039161541358, 0.47188402158905485, 0.47144470942638383, 0.4951675662106188, 0.51355591816242, 0.5595581774821137, 0.5580519643529559]]","[[0.07024852931499481, 0.08336222916841507, 0.051647625863552094, 0.043076157569885254, 0.043144576251506805, 0.02624722383916378, 0.038059838116168976, 0.04254560545086861, 0.014386095106601715, 0.0385015569627285]]"
13,"[[0.33075776060729295, 0.4107360715738105, 0.4223939270706249, 0.44489629930866204, 0.46814423207265826, 0.45892639284261894, 0.4767520672360038, 0.4917988342144503, 0.5271790700826895, 0.5457503050020334]]","[[0.0741361603140831, 0.05932745337486267, 0.08304938673973083, 0.038312025368213654, 0.05536571890115738, 0.05688493698835373, 0.038791362196207047, 0.027268022298812866, 0.021709132939577103, 0.08430837094783783]]"
12,"[[0.3448352134483521, 0.42623313426233134, 0.44414952444149525, 0.44761483447614836, 0.4582319545823195, 0.47636953476369537, 0.49760377497603775, 0.5169210351692104, 0.5461918454619185, 0.5527538155275381]]","[[0.06397169083356857, 0.07292990386486053, 0.07386194169521332, 0.03583509474992752, 0.038624368607997894, 0.024219131097197533, 0.03562534973025322, 0.0525900200009346, 0.04671282693743706, 0.016121385619044304]]"
11,"[[0.3440885725583234, 0.43076314748912614, 0.44855674179517596, 0.4552787663107948, 0.48058521154606565, 0.5112692763938316, 0.5157769869513642, 0.5316725978647687, 0.5348359035191775, 0.5426650850138395]]","[[0.06197015568614006, 0.026178082451224327, 0.028159981593489647, 0.04989378899335861, 0.04645761102437973, 0.05316790193319321, 0.02839229442179203, 0.04330504685640335, 0.052015841007232666, 0.015941865742206573]]"
10,"[[0.3527358408238066, 0.42359717252814383, 0.43939261715682, 0.4714198446635832, 0.48206649794921025, 0.49515664543153853, 0.5025743956715246, 0.5330308054804084, 0.5415830351688629, 0.5524042237542544]]","[[0.04679500311613083, 0.03914090618491173, 0.03468656167387962, 0.029220785945653915, 0.0304470993578434, 0.029991772025823593, 0.011423483490943909, 0.022625857964158058, 0.025155112147331238, 0.01245853491127491]]"
9,"[[0.3430812433426939, 0.4281979277621768, 0.4453374648978406, 0.46189600077466836, 0.4738065265808076, 0.5011135857461024, 0.5223201316936187, 0.5416868403214874, 0.5535973661276266, 0.5593105451728478]]","[[0.05861616134643555, 0.05425570532679558, 0.03763934224843979, 0.046866677701473236, 0.04336509853601456, 0.024069437757134438, 0.022663185372948647, 0.02227000705897808, 0.035298846662044525, 0.01701371558010578]]"
8,"[[0.3401026312916257, 0.4203515667649307, 0.44382574516868656, 0.45441642100666013, 0.47963751501255597, 0.5203624849874441, 0.5163227426574953, 0.5449284856425374, 0.5375040943334425, 0.5666557484441533]]","[[0.050762761384248734, 0.037079475820064545, 0.047298233956098557, 0.01965799182653427, 0.019431982189416885, 0.01971755549311638, 0.023523660376667976, 0.016880659386515617, 0.01530021708458662, 0.0164189413189888]]"
7,"[[0.3268111455108359, 0.42538699690402476, 0.4563467492260062, 0.46142414860681114, 0.4875541795665635, 0.508482972136223, 0.5354798761609907, 0.5354798761609907, 0.5494736842105263, 0.57671826625387]]","[[0.061819594353437424, 0.018754107877612114, 0.02585020288825035, 0.03129751235246658, 0.02317281812429428, 0.04043106362223625, 0.0141169847920537, 0.017224598675966263, 0.022744083777070045, 0.015218585729598999]]"
6,"[[0.3559593023255814, 0.4367732558139535, 0.4619186046511628, 0.4882267441860465, 0.49767441860465117, 0.5130813953488372, 0.509156976744186, 0.5219476744186047, 0.55, 0.573110465116279]]","[[0.05025224760174751, 0.015646720305085182, 0.02741442620754242, 0.022521289065480232, 0.014920109882950783, 0.00696606794372201, 0.030706707388162613, 0.014228585176169872, 0.01647045835852623, 0.009368529543280602]]"
15,"[[0.3333525279281354, 0.40700218818380746, 0.430611539790395, 0.4486352643095704, 0.46579523206265117, 0.4716687780720949, 0.5119198433721064, 0.5263157894736842, 0.5152021190832662, 0.5176206380283312]]","[[0.08829706907272339, 0.05166592076420784, 0.0725361779332161, 0.0631231814622879, 0.048254210501909256, 0.03356671705842018, 0.05524752661585808, 0.04321100562810898, 0.04292300343513489, 0.043191052973270416]]"
14,"[[0.33168896836652895, 0.4102485046556083, 0.43152247641364, 0.44804834433002405, 0.4633409385213048, 0.46377258432509094, 0.4898563236110255, 0.5055805636060924, 0.5057038909786027, 0.5160017265832152]]","[[0.08988736569881439, 0.06131141260266304, 0.08099184185266495, 0.039329882711172104, 0.035432059317827225, 0.03857693448662758, 0.04766267165541649, 0.04104641079902649, 0.027012070640921593, 0.039583608508110046]]"
13,"[[0.3414262023217247, 0.4175787728026534, 0.4380762852404643, 0.4512106135986733, 0.4683250414593698, 0.4835820895522388, 0.4955223880597015, 0.5051409618573798, 0.5145605306799337, 0.5257048092868989]]","[[0.07460278272628784, 0.08569923043251038, 0.07564830034971237, 0.06663163006305695, 0.06357444077730179, 0.028833439573645592, 0.05568622425198555, 0.027450472116470337, 0.059894341975450516, 0.04677034914493561]]"
12,"[[0.3134900542495479, 0.4122242314647378, 0.4311030741410488, 0.4481735985533454, 0.4722603978300181, 0.4847739602169982, 0.4826039783001808, 0.491500904159132, 0.5251356238698011, 0.5382278481012658]]","[[0.06333760172128677, 0.05222994089126587, 0.03049873374402523, 0.06754078716039658, 0.029478132724761963, 0.03130209818482399, 0.025293245911598206, 0.028758015483617783, 0.045711979269981384, 0.0447189025580883]]"
11,"[[0.34409549751642365, 0.4194840570421407, 0.43686909149174813, 0.4484057042140683, 0.46939593013940073, 0.49943919243710944, 0.5052876141643967, 0.5177856112802436, 0.5346098381669604, 0.5629706777759974]]","[[0.07366213202476501, 0.0404493547976017, 0.04471069946885109, 0.024834085255861282, 0.038136936724185944, 0.021173369139432907, 0.018209993839263916, 0.0410923957824707, 0.02754547819495201, 0.03479679673910141]]"
10,"[[0.34624967780737176, 0.43148036772918635, 0.4415327777300455, 0.464386974826016, 0.47091674542486467, 0.49841051636738554, 0.49875418850416703, 0.504424778761062, 0.5417991236360512, 0.5451499269696709]]","[[0.087119922041893, 0.023746661841869354, 0.04026767984032631, 0.040550824254751205, 0.04894011840224266, 0.05906548351049423, 0.02060743421316147, 0.02192784659564495, 0.027887549251317978, 0.039886847138404846]]"
9,"[[0.3524293674846026, 0.43190927754423697, 0.446671228859126, 0.45253690487828724, 0.4862645419884642, 0.510020529866067, 0.5551862352136083, 0.5411086127676215, 0.5494183204614331, 0.5458989148499365]]","[[0.04301893338561058, 0.08092143386602402, 0.020786574110388756, 0.03830018639564514, 0.01317763514816761, 0.01582147553563118, 0.023976406082510948, 0.04389934986829758, 0.022532109171152115, 0.018483176827430725]]"
8,"[[0.3528574556601708, 0.42478651193343553, 0.45971097000218963, 0.4708780380994088, 0.49211736369608056, 0.4974819356251369, 0.5081015984234727, 0.521786730895555, 0.5457630829866433, 0.5550689730676593]]","[[0.04027557000517845, 0.05269351601600647, 0.03328465670347214, 0.020276803523302078, 0.034113574773073196, 0.03829935938119888, 0.03563366085290909, 0.010062851943075657, 0.04799036309123039, 0.02983970008790493]]"
7,"[[0.3505244755244755, 0.4333166833166833, 0.453046953046953, 0.4527972027972028, 0.48863636363636365, 0.5142357642357642, 0.5268481518481518, 0.5317182817182817, 0.5458291708291708, 0.5690559440559441]]","[[0.0389520637691021, 0.015126767568290234, 0.0356580875813961, 0.030407283455133438, 0.026902278885245323, 0.03543979302048683, 0.024084797129034996, 0.018012847751379013, 0.012311439029872417, 0.01038305927067995]]"
6,"[[0.33323550990462214, 0.42597212032281734, 0.44724871606749816, 0.4827586206896552, 0.4829053558327219, 0.4980190755685987, 0.5121056493030081, 0.5279530447542187, 0.5577402787967718, 0.5415994130594277]]","[[0.03983297571539879, 0.026271749287843704, 0.01511141937226057, 0.0207551009953022, 0.03678601607680321, 0.020019035786390305, 0.016659429296851158, 0.013944186270236969, 0.026770001277327538, 0.03559812158346176]]"
15,"[[0.3176612763998389, 0.4053058640732002, 0.41744835126891866, 0.4363814237210105, 0.4450135236231801, 0.4644645220694021, 0.4886919491281579, 0.5045750129481499, 0.5236231800656039, 0.5471600391321862]]","[[0.07502976059913635, 0.04369043558835983, 0.0603671558201313, 0.03857168182730675, 0.05507994443178177, 0.04204007238149643, 0.04410383850336075, 0.0536540262401104, 0.032338839024305344, 0.04357283562421799]]"
14,"[[0.3292760238366933, 0.4123240775960441, 0.4288068974261443, 0.44605046278686444, 0.46335742360846965, 0.4700139470013947, 0.5071002916191201, 0.5270698617978953, 0.5276404209458603, 0.5341067579561304]]","[[0.08072801679372787, 0.06344445049762726, 0.03466535732150078, 0.061408061534166336, 0.07594262063503265, 0.040826525539159775, 0.025371406227350235, 0.042160119861364365, 0.04546629637479782, 0.049852658063173294]]"
13,"[[0.32082501663339985, 0.41124417831004656, 0.4272787757817698, 0.4347970725216234, 0.4595475715236194, 0.4756487025948104, 0.49580838323353293, 0.5107784431137724, 0.5443113772455089, 0.5728542914171657]]","[[0.06029633432626724, 0.07036292552947998, 0.0371176153421402, 0.048036128282547, 0.04615197703242302, 0.056870006024837494, 0.02198660559952259, 0.029480528086423874, 0.011569065973162651, 0.04407942295074463]]"
12,"[[0.3403559752996731, 0.4164184525971667, 0.4449691245913549, 0.45630221576462043, 0.46160552124954596, 0.48666908826734473, 0.48732292045041775, 0.5054122775154377, 0.5171812568107519, 0.5626589175444969]]","[[0.06663265079259872, 0.06732729077339172, 0.04440184682607651, 0.03836340457201004, 0.055577196180820465, 0.035565245896577835, 0.050341807305812836, 0.017346646636724472, 0.04218774661421776, 0.020430084317922592]]"
11,"[[0.3446831614054138, 0.4241836655549523, 0.44155743426665633, 0.4407042581245637, 0.4767703404948422, 0.48522454044830526, 0.5068641898704723, 0.5260994338012875, 0.5395951291398433, 0.5517722795315287]]","[[0.05994110181927681, 0.038185007870197296, 0.04598238319158554, 0.02446572668850422, 0.0358910895884037, 0.027805984020233154, 0.0424610935151577, 0.016249006614089012, 0.018433086574077606, 0.053621888160705566]]"
10,"[[0.33623888840942434, 0.4265987744886511, 0.43980322775524294, 0.45369810995080695, 0.4669025632173988, 0.4781220333131958, 0.5080693881073617, 0.5309398463795633, 0.5581254854578407, 0.551480107016484]]","[[0.09615031629800797, 0.06114671379327774, 0.03190695494413376, 0.05398910120129585, 0.03702639415860176, 0.05897017568349838, 0.016762439161539078, 0.04428717494010925, 0.04485950246453285, 0.022648856043815613]]"
9,"[[0.33128114922310176, 0.4187432815401153, 0.43994918401250854, 0.45646437994722955, 0.4758135444151275, 0.4965308316231799, 0.5021010456366657, 0.5075735365972833, 0.5176390110427049, 0.5441219583699795]]","[[0.07162897288799286, 0.039814889430999756, 0.05282190442085266, 0.03016017936170101, 0.04312817007303238, 0.028144141659140587, 0.038184307515621185, 0.02884535863995552, 0.04801224544644356, 0.023024633526802063]]"
8,"[[0.33292790800530736, 0.42171605484298985, 0.44526758071649714, 0.46616541353383456, 0.4835249889429456, 0.49447147279964615, 0.5022114108801415, 0.5032065457762053, 0.5590446704997789, 0.5771782397169394]]","[[0.05522541329264641, 0.033780016005039215, 0.024205077439546585, 0.02432919666171074, 0.028597548604011536, 0.02147161029279232, 0.026926372200250626, 0.02348562330007553, 0.0270353052765131, 0.018061134964227676]]"
7,"[[0.34385256248422114, 0.4291845493562232, 0.4516536228225196, 0.47260792729108814, 0.4792981570310528, 0.49823276950265083, 0.5265084574602373, 0.5330724564503914, 0.5658924514011613, 0.6096945215854582]]","[[0.058178603649139404, 0.027606740593910217, 0.024956893175840378, 0.011924266815185547, 0.03196675330400467, 0.03250717744231224, 0.041847605258226395, 0.019846906885504723, 0.01410700660198927, 0.02329189144074917]]"
6,"[[0.3368060723321923, 0.4326536687006995, 0.4467926774817681, 0.47849382348563774, 0.47953564518529546, 0.5043905343057002, 0.5176365530584909, 0.5334127102247358, 0.5490400357196011, 0.6240511980949546]]","[[0.04178760200738907, 0.047752175480127335, 0.03931090980768204, 0.022089827805757523, 0.017032664269208908, 0.026807188987731934, 0.016851838678121567, 0.0071135638281702995, 0.006919426377862692, 0.01085617858916521]]"
